{
  "name": "ngReact",
  "author": "https://github.com/davidchang/ngReact/graphs/contributors",
  "version": "0.1.6",
  "main": "ngReact.js",
  "description": "Use React Components in Angular",
  "homepage": "http://davidchang.github.io/ngReact/",
  "repository": {
    "type": "git",
    "url": "https://github.com/davidchang/ngReact.git"
  },
  "license": "MIT",
  "dependencies": {
    "angular": "<2.0.0",
    "react": ">=0.12.0"
  },
  "devDependencies": {},
  "keywords": [
    "angularjs",
    "angular",
    "react",
    "ngReact"
  ],
  "_release": "0.1.6",
  "_resolution": {
    "type": "version",
    "tag": "0.1.6",
    "commit": "31108f8a0b02da0f973d7b9b5cb464a9fe91d212"
  },
  "_source": "git://github.com/davidchang/ngReact.git",
  "_target": "~0.1.6",
  "_originalSource": "ngReact",
  "_direct": true
}